metric,application,reference,absolute_difference,status
case_01.friedman.df,2.0,2.0,0.0,PASS
case_01.friedman.p,0.0030806683904541776,0.0030806683904541768,8.673617379884035e-19,PASS
case_01.friedman.statistic,11.565217391304342,11.565217391304348,5.329070518200751e-15,PASS
case_01.kruskal_wallis.df,2.0,2.0,0.0,PASS
case_01.kruskal_wallis.p,0.6154632042932258,0.6154632042932175,8.215650382226158e-15,PASS
case_01.kruskal_wallis.statistic,0.9707602339181278,0.9707602339181278,0.0,PASS
case_01.mann_whitney.p,0.515951696358554,0.5159516963585487,5.329070518200751e-15,PASS
case_01.mann_whitney.statistic,13.0,13.0,0.0,PASS
case_01.mixed.df1,2.0,2.0,0.0,PASS
case_01.mixed.df2,12.0,12.0,0.0,PASS
case_01.mixed.icc,0.8894153678143558,0.889415347242839,2.0571516823331137e-08,PASS
case_01.mixed.p,8.544719720222452e-06,8.54472037270515e-06,6.524826980661624e-13,PASS
case_01.mixed.statistic,35.96316919466855,35.96316866060377,5.340647817320132e-07,PASS
case_01.mixed_incomplete.df1,2.0,2.0,0.0,PASS
case_01.mixed_incomplete.df2,9.0,9.0,0.0,PASS
case_01.mixed_incomplete.icc,0.8807649621377941,0.880764952816867,9.320927141232005e-09,PASS
case_01.mixed_incomplete.p,0.00012974114707112218,0.0001297411648268909,1.7755768724888807e-11,PASS
case_01.mixed_incomplete.statistic,28.383120011093062,28.3831190110425,1.000050563249033e-06,PASS
case_01.normality.dagostino.p,0.3100638590322309,0.31006385903223155,6.661338147750939e-16,PASS
case_01.normality.dagostino.reject_0_05,0.0,0.0,0.0,PASS
case_01.normality.dagostino.statistic,2.3419540116784505,2.3419540116784447,5.773159728050814e-15,PASS
case_01.normality.shapiro.p,0.370275650810477,0.36295666918082636,0.007318981629650612,PASS
case_01.normality.shapiro.reject_0_05,0.0,0.0,0.0,PASS
case_01.normality.shapiro.statistic,0.9630744207158167,0.9627255582994875,0.0003488624163292542,PASS
case_01.one_way.df1,2.0,2.0,0.0,PASS
case_01.one_way.df2,15.0,15.0,0.0,PASS
case_01.one_way.p,0.5619559752272354,0.5619559752272356,2.220446049250313e-16,PASS
case_01.one_way.statistic,0.5990539315469661,0.5990539315469644,1.6653345369377348e-15,PASS
case_01.paired_t.df,5.0,5.0,0.0,PASS
case_01.paired_t.p,0.043705182571978536,0.04370518257198514,6.6058269965196814e-15,PASS
case_01.paired_t.statistic,2.6821930834667236,2.6821930834667236,0.0,PASS
case_01.pearson.df,7.0,7.0,0.0,PASS
case_01.pearson.p,0.0010418195238803688,0.001041819523880406,3.729655473350135e-17,PASS
case_01.pearson.statistic,0.8970254065189662,0.897025406518966,2.220446049250313e-16,PASS
case_01.spearman.df,7.0,7.0,0.0,PASS
case_01.spearman.p,0.01467411312831232,0.01467411312831307,7.494005416219807e-16,PASS
case_01.spearman.statistic,0.7725393039369072,0.7725393039369072,0.0,PASS
case_01.two_way.factor_a.F,74.202239600427,74.20223960042706,5.684341886080802e-14,PASS
case_01.two_way.factor_a.df1,1.0,1.0,0.0,PASS
case_01.two_way.factor_a.df2,18.0,18.0,0.0,PASS
case_01.two_way.factor_a.p,8.415594182555411e-08,8.415594182555344e-08,6.749793798432706e-22,PASS
case_01.two_way.factor_b.F,14.76661580163428,14.766615801634265,1.5987211554602254e-14,PASS
case_01.two_way.factor_b.df1,2.0,2.0,0.0,PASS
case_01.two_way.factor_b.df2,18.0,18.0,0.0,PASS
case_01.two_way.factor_b.p,0.0001601313901843064,0.00016013139018430676,3.5236570605778894e-19,PASS
case_01.two_way.interaction.F,0.6304390269769821,0.6304390269769699,1.2212453270876722e-14,PASS
case_01.two_way.interaction.df1,2.0,2.0,0.0,PASS
case_01.two_way.interaction.df2,18.0,18.0,0.0,PASS
case_01.two_way.interaction.p,0.5437106143957846,0.543710614395792,7.438494264988549e-15,PASS
case_01.welch_one_way.df1,2.0,2.0,0.0,PASS
case_01.welch_one_way.df2,7.9,7.9,0.0,PASS
case_01.welch_one_way.p,0.5122032486250955,0.5122032486251026,7.105427357601002e-15,PASS
case_01.welch_one_way.statistic,0.7292286690032816,0.7292286690032814,2.220446049250313e-16,PASS
case_01.welch_t.df,6.8,6.8,0.0,PASS
case_01.welch_t.p,0.2600956628997858,0.2600956628997878,1.9984014443252818e-15,PASS
case_01.welch_t.statistic,-1.2284284541972752,-1.228428454197275,2.220446049250313e-16,PASS
case_01.wilcoxon.p,0.10564542920189801,0.10564542920187692,2.1094237467877974e-14,PASS
case_01.wilcoxon.statistic,1.0,1.0,0.0,PASS
case_02.friedman.df,2.0,2.0,0.0,PASS
case_02.friedman.p,0.000911881965554473,0.0009118819655545162,4.3259666682171627e-17,PASS
case_02.friedman.statistic,14.0,14.0,0.0,PASS
case_02.kruskal_wallis.df,2.0,2.0,0.0,PASS
case_02.kruskal_wallis.p,0.8151437122412213,0.815143712241221,3.3306690738754696e-16,PASS
case_02.kruskal_wallis.statistic,0.40878169449597124,0.40878169449597124,0.0,PASS
case_02.mann_whitney.p,0.4013871657117667,0.4013871657117662,4.996003610813204e-16,PASS
case_02.mann_whitney.statistic,17.0,17.0,0.0,PASS
case_02.mixed.df1,2.0,2.0,0.0,PASS
case_02.mixed.df2,14.0,14.0,0.0,PASS
case_02.mixed.icc,0.9295730007746813,0.9295729995411959,1.233485424911862e-09,PASS
case_02.mixed.p,2.914120119515983e-09,2.9141198343296537e-09,2.8518632938942647e-16,PASS
case_02.mixed.statistic,108.998966181839,108.99896796124641,1.7794074125276893e-06,PASS
case_02.mixed_incomplete.df1,2.0,2.0,0.0,PASS
case_02.mixed_incomplete.df2,11.0,11.0,0.0,PASS
case_02.mixed_incomplete.icc,0.9194937452348476,0.9194937323589824,1.2875865262884645e-08,PASS
case_02.mixed_incomplete.p,4.4390536092853346e-07,4.439054210880755e-07,6.015954204963852e-14,PASS
case_02.mixed_incomplete.statistic,73.09606450669438,73.0960625724682,1.9342261765586954e-06,PASS
case_02.normality.dagostino.p,0.0074446366954039125,0.00744463669540391,2.6020852139652106e-18,PASS
case_02.normality.dagostino.reject_0_05,1.0,1.0,0.0,PASS
case_02.normality.dagostino.statistic,9.800522825010189,9.800522825010189,0.0,PASS
case_02.normality.shapiro.p,0.0020233839052055274,0.0020134683566284564,9.91554857707102e-06,PASS
case_02.normality.shapiro.reject_0_05,1.0,1.0,0.0,PASS
case_02.normality.shapiro.statistic,0.8736641385667426,0.8735693407549423,9.479781180032898e-05,PASS
case_02.one_way.df1,2.0,2.0,0.0,PASS
case_02.one_way.df2,18.0,18.0,0.0,PASS
case_02.one_way.p,0.4890169199366726,0.48901691993667684,4.218847493575595e-15,PASS
case_02.one_way.statistic,0.7445564917531595,0.7445564917531522,7.327471962526033e-15,PASS
case_02.paired_t.df,6.0,6.0,0.0,PASS
case_02.paired_t.p,0.004493642974133491,0.004493642974133494,3.469446951953614e-18,PASS
case_02.paired_t.statistic,4.415296307926098,4.415296307926098,0.0,PASS
case_02.pearson.df,8.0,8.0,0.0,PASS
case_02.pearson.p,3.822149158564465e-05,3.822149158564608e-05,1.429791614965259e-18,PASS
case_02.pearson.statistic,-0.944714746635179,-0.944714746635179,0.0,PASS
case_02.spearman.df,8.0,8.0,0.0,PASS
case_02.spearman.p,0.0002024758188856469,0.00020247581888564853,1.6263032587282567e-18,PASS
case_02.spearman.statistic,-0.9153649992003225,-0.9153649992003224,1.1102230246251565e-16,PASS
case_02.two_way.factor_a.F,260.88214152742137,260.88214152742034,1.0231815394945443e-12,PASS
case_02.two_way.factor_a.df1,1.0,1.0,0.0,PASS
case_02.two_way.factor_a.df2,18.0,18.0,0.0,PASS
case_02.two_way.factor_a.p,3.7148606241308914e-12,3.714860624131001e-12,1.0985992510469899e-25,PASS
case_02.two_way.factor_b.F,68.4138479562589,68.41384795625855,3.552713678800501e-13,PASS
case_02.two_way.factor_b.df1,2.0,2.0,0.0,PASS
case_02.two_way.factor_b.df2,18.0,18.0,0.0,PASS
case_02.two_way.factor_b.p,3.879847792654267e-09,3.879847792654414e-09,1.464109684218859e-22,PASS
case_02.two_way.interaction.F,13.212475293369009,13.212475293369026,1.7763568394002505e-14,PASS
case_02.two_way.interaction.df1,2.0,2.0,0.0,PASS
case_02.two_way.interaction.df2,18.0,18.0,0.0,PASS
case_02.two_way.interaction.p,0.0002943133521036983,0.00029431335210369623,2.0599841277224584e-18,PASS
case_02.welch_one_way.df1,2.0,2.0,0.0,PASS
case_02.welch_one_way.df2,9.2,9.2,0.0,PASS
case_02.welch_one_way.p,0.23573589125868505,0.23573589125868527,2.220446049250313e-16,PASS
case_02.welch_one_way.statistic,1.6969073082944308,1.696907308294424,6.8833827526759706e-15,PASS
case_02.welch_t.df,7.7,7.7,0.0,PASS
case_02.welch_t.p,0.16621743678321144,0.16621743678322842,1.6986412276764895e-14,PASS
case_02.welch_t.statistic,-1.5298415422180651,-1.5298415422180651,0.0,PASS
case_02.wilcoxon.p,0.022494271222435414,0.022494271222449624,1.4210854715202004e-14,PASS
case_02.wilcoxon.statistic,0.0,0.0,0.0,PASS
case_03.friedman.df,2.0,2.0,0.0,PASS
case_03.friedman.p,0.00033546262790251635,0.00033546262790251185,4.4994390158148434e-18,PASS
case_03.friedman.statistic,16.0,16.0,0.0,PASS
case_03.kruskal_wallis.df,2.0,2.0,0.0,PASS
case_03.kruskal_wallis.p,0.03463969147145318,0.03463969147145312,6.245004513516506e-17,PASS
case_03.kruskal_wallis.statistic,6.72551020408163,6.72551020408163,0.0,PASS
case_03.mann_whitney.p,0.34076184771411233,0.34076184771409296,1.9373391779708982e-14,PASS
case_03.mann_whitney.statistic,22.0,22.0,0.0,PASS
case_03.mixed.df1,2.0,2.0,0.0,PASS
case_03.mixed.df2,16.0,16.0,0.0,PASS
case_03.mixed.icc,0.9219300212807352,0.9219300239234207,2.6426855148642403e-09,PASS
case_03.mixed.p,1.4941074045733642e-12,1.4941381465405357e-12,3.074196717150276e-17,PASS
case_03.mixed.statistic,232.59813674982652,232.59814378427757,7.0344510447739594e-06,PASS
case_03.mixed_incomplete.df1,2.0,2.0,0.0,PASS
case_03.mixed_incomplete.df2,13.0,13.0,0.0,PASS
case_03.mixed_incomplete.icc,0.9097876270140391,0.9097876135969584,1.3417080779731805e-08,PASS
case_03.mixed_incomplete.p,5.360915765117579e-10,5.360916155439099e-10,3.9032152022397745e-17,PASS
case_03.mixed_incomplete.statistic,166.95398513713178,166.9539796565546,5.480577186744995e-06,PASS
case_03.normality.dagostino.p,1.155728603296531e-25,1.1557286032967317e-25,2.006605591052108e-38,PASS
case_03.normality.dagostino.reject_0_05,1.0,1.0,0.0,PASS
case_03.normality.dagostino.statistic,114.83979270879821,114.83979270879787,3.410605131648481e-13,PASS
case_03.normality.shapiro.p,1.6001965437806503e-05,1.5611035018893635e-05,3.9093041891286853e-07,PASS
case_03.normality.shapiro.reject_0_05,1.0,1.0,0.0,PASS
case_03.normality.shapiro.statistic,0.7648959442521576,0.7642529738693081,0.0006429703828494393,PASS
case_03.one_way.df1,2.0,2.0,0.0,PASS
case_03.one_way.df2,17.0,17.0,0.0,PASS
case_03.one_way.p,0.006759612258324501,0.006759612258324459,4.163336342344337e-17,PASS
case_03.one_way.statistic,6.801085613365671,6.80108561336568,8.881784197001252e-15,PASS
case_03.paired_t.df,7.0,7.0,0.0,PASS
case_03.paired_t.p,0.00022022286722626582,0.00022022286722626582,0.0,PASS
case_03.paired_t.statistic,6.954922751455843,6.954922751455843,0.0,PASS
case_03.pearson.df,9.0,9.0,0.0,PASS
case_03.pearson.p,1.774590803604361e-05,1.774590803604349e-05,1.2197274440461925e-19,PASS
case_03.pearson.statistic,0.9394419700030836,0.9394419700030837,1.1102230246251565e-16,PASS
case_03.spearman.df,9.0,9.0,0.0,PASS
case_03.spearman.p,0.0001326147599568346,0.00013261475995683447,1.3552527156068805e-19,PASS
case_03.spearman.statistic,0.9042154797407622,0.9042154797407624,2.220446049250313e-16,PASS
case_03.two_way.factor_a.F,131.62164676476903,131.62164676476812,9.094947017729282e-13,PASS
case_03.two_way.factor_a.df1,1.0,1.0,0.0,PASS
case_03.two_way.factor_a.df2,18.0,18.0,0.0,PASS
case_03.two_way.factor_a.p,1.036777764755754e-09,1.036777764755815e-09,6.100457017578579e-23,PASS
case_03.two_way.factor_b.F,38.256412574699745,38.256412574699446,2.984279490192421e-13,PASS
case_03.two_way.factor_b.df1,2.0,2.0,0.0,PASS
case_03.two_way.factor_b.df2,18.0,18.0,0.0,PASS
case_03.two_way.factor_b.p,3.2963691382474603e-07,3.2963691382476356e-07,1.7522994096323338e-20,PASS
case_03.two_way.interaction.F,0.4135406819398929,0.4135406819398916,1.3322676295501878e-15,PASS
case_03.two_way.interaction.df1,2.0,2.0,0.0,PASS
case_03.two_way.interaction.df2,18.0,18.0,0.0,PASS
case_03.two_way.interaction.p,0.6674297341315153,0.6674297341315185,3.219646771412954e-15,PASS
case_03.welch_one_way.df1,2.0,2.0,0.0,PASS
case_03.welch_one_way.df2,6.4,6.4,0.0,PASS
case_03.welch_one_way.p,0.01840320257609114,0.018403202576091064,7.632783294297951e-17,PASS
case_03.welch_one_way.statistic,7.938099206443343,7.938099206443351,7.993605777301127e-15,PASS
case_03.welch_t.df,9.5,9.5,0.0,PASS
case_03.welch_t.p,0.06818849002133077,0.06818849002133866,7.882583474838611e-15,PASS
case_03.welch_t.statistic,-2.057591981668519,-2.057591981668519,0.0,PASS
case_03.wilcoxon.p,0.014266186701436423,0.014266186701446859,1.0436096431476471e-14,PASS
case_03.wilcoxon.statistic,0.0,0.0,0.0,PASS
case_04.friedman.df,2.0,2.0,0.0,PASS
case_04.friedman.p,0.00012340980408664937,0.00012340980408667956,3.01950305037213e-17,PASS
case_04.friedman.statistic,18.0,18.0,0.0,PASS
case_04.kruskal_wallis.df,2.0,2.0,0.0,PASS
case_04.kruskal_wallis.p,0.8337735149925822,0.8337735149925822,0.0,PASS
case_04.kruskal_wallis.statistic,0.36358695652174333,0.36358695652174333,0.0,PASS
case_04.mann_whitney.p,0.5635746202609724,0.5635746202609722,2.220446049250313e-16,PASS
case_04.mann_whitney.statistic,33.0,33.0,0.0,PASS
case_04.mixed.df1,2.0,2.0,0.0,PASS
case_04.mixed.df2,18.0,18.0,0.0,PASS
case_04.mixed.icc,0.9111360352698795,0.9111360203619185,1.4907960976806578e-08,PASS
case_04.mixed.p,6.550090703889631e-09,6.55009069205903e-09,1.1830600991348806e-17,PASS
case_04.mixed.statistic,64.03791440437845,64.03791435173954,5.263891011964006e-08,PASS
case_04.mixed_incomplete.df1,2.0,2.0,0.0,PASS
case_04.mixed_incomplete.df2,14.0,14.0,0.0,PASS
case_04.mixed_incomplete.icc,0.9116031417844659,0.9116031225861716,1.9198294287647855e-08,PASS
case_04.mixed_incomplete.p,3.2996016653977137e-07,3.2996023113796014e-07,6.45981887696751e-14,PASS
case_04.mixed_incomplete.statistic,52.024471811358005,52.024470159629274,1.6517287306783146e-06,PASS
case_04.normality.dagostino.p,0.3464439978236459,0.34644399782364566,2.220446049250313e-16,PASS
case_04.normality.dagostino.reject_0_05,0.0,0.0,0.0,PASS
case_04.normality.dagostino.statistic,2.120068191714149,2.120068191714149,0.0,PASS
case_04.normality.shapiro.p,0.5106571978437816,0.5005482383073963,0.010108959536385353,PASS
case_04.normality.shapiro.reject_0_05,0.0,0.0,0.0,PASS
case_04.normality.shapiro.statistic,0.968942394004486,0.9685593995173553,0.00038299448713075,PASS
case_04.one_way.df1,2.0,2.0,0.0,PASS
case_04.one_way.df2,20.0,20.0,0.0,PASS
case_04.one_way.p,0.9090290622293263,0.9090290622293256,7.771561172376096e-16,PASS
case_04.one_way.statistic,0.09583451339642043,0.09583451339642098,5.412337245047638e-16,PASS
case_04.paired_t.df,8.0,8.0,0.0,PASS
case_04.paired_t.p,0.0004260538655445829,0.00042605386554459067,7.752045533271357e-18,PASS
case_04.paired_t.statistic,5.756005753239297,5.756005753239297,0.0,PASS
case_04.pearson.df,10.0,10.0,0.0,PASS
case_04.pearson.p,3.6284091651054204e-06,3.62840916510547e-06,4.955142741437657e-20,PASS
case_04.pearson.statistic,-0.9449513295612227,-0.9449513295612227,0.0,PASS
case_04.spearman.df,10.0,10.0,0.0,PASS
case_04.spearman.p,2.6067149003468905e-05,2.606714900346875e-05,1.5585406229479126e-19,PASS
case_04.spearman.statistic,-0.9175686178977971,-0.9175686178977972,1.1102230246251565e-16,PASS
case_04.two_way.factor_a.F,350.9623744351186,350.962374435117,1.5916157281026244e-12,PASS
case_04.two_way.factor_a.df1,1.0,1.0,0.0,PASS
case_04.two_way.factor_a.df2,18.0,18.0,0.0,PASS
case_04.two_way.factor_a.p,2.969218895153501e-13,2.969218895153614e-13,1.125862283931428e-26,PASS
case_04.two_way.factor_b.F,94.62610714427781,94.62610714427737,4.405364961712621e-13,PASS
case_04.two_way.factor_b.df1,2.0,2.0,0.0,PASS
case_04.two_way.factor_b.df2,18.0,18.0,0.0,PASS
case_04.two_way.factor_b.p,2.8116414201718087e-10,2.8116414201719095e-10,1.0081263715490025e-23,PASS
case_04.two_way.interaction.F,5.4178384176314225,5.41783841763144,1.7763568394002505e-14,PASS
case_04.two_way.interaction.df1,2.0,2.0,0.0,PASS
case_04.two_way.interaction.df2,18.0,18.0,0.0,PASS
case_04.two_way.interaction.p,0.014390676111819286,0.014390676111819089,1.97758476261356e-16,PASS
case_04.welch_one_way.df1,2.0,2.0,0.0,PASS
case_04.welch_one_way.df2,8.9,8.9,0.0,PASS
case_04.welch_one_way.p,0.874249539313846,0.8742495393138453,6.661338147750939e-16,PASS
case_04.welch_one_way.statistic,0.13643035247399052,0.13643035247399102,4.996003610813204e-16,PASS
case_04.welch_t.df,13.1,13.1,0.0,PASS
case_04.welch_t.p,0.6431760537373882,0.6431760537373887,5.551115123125783e-16,PASS
case_04.welch_t.statistic,0.4742124510820394,0.4742124510820394,0.0,PASS
case_04.wilcoxon.p,0.014266186701436423,0.014266186701446859,1.0436096431476471e-14,PASS
case_04.wilcoxon.statistic,0.0,0.0,0.0,PASS
case_05.friedman.df,2.0,2.0,0.0,PASS
case_05.friedman.p,5.718432307655341e-05,5.718432307658758e-05,3.416592096044946e-17,PASS
case_05.friedman.statistic,19.53846153846155,19.53846153846154,1.0658141036401503e-14,PASS
case_05.kruskal_wallis.df,2.0,2.0,0.0,PASS
case_05.kruskal_wallis.p,0.26602020710225427,0.26602020710224683,7.438494264988549e-15,PASS
case_05.kruskal_wallis.statistic,2.648366013071893,2.6483660130719002,7.105427357601002e-15,PASS
case_05.mann_whitney.p,0.05523425371798507,0.05523425371806385,7.877726249105876e-14,PASS
case_05.mann_whitney.statistic,4.0,4.0,0.0,PASS
case_05.mixed.df1,2.0,2.0,0.0,PASS
case_05.mixed.df2,20.0,20.0,0.0,PASS
case_05.mixed.icc,0.9281045849018689,0.9281045776830478,7.218821096444117e-09,PASS
case_05.mixed.p,1.575155219007608e-12,1.575184427338172e-12,2.9208330564114276e-17,PASS
case_05.mixed.statistic,141.44943739403953,141.44943651313469,8.80904849509534e-07,PASS
case_05.mixed_incomplete.df1,2.0,2.0,0.0,PASS
case_05.mixed_incomplete.df2,15.0,15.0,0.0,PASS
case_05.mixed_incomplete.icc,0.9292643255754806,0.9292643137769929,1.1798487631331511e-08,PASS
case_05.mixed_incomplete.p,6.329215559330051e-10,6.329217150380373e-10,1.5910503223540584e-16,PASS
case_05.mixed_incomplete.statistic,118.84205748517982,118.84205475460331,2.730576511567051e-06,PASS
case_05.normality.dagostino.p,0.005000527347780444,0.005000527347780453,9.540979117872439e-18,PASS
case_05.normality.dagostino.reject_0_05,1.0,1.0,0.0,PASS
case_05.normality.dagostino.statistic,10.596423805106943,10.596423805106937,5.329070518200751e-15,PASS
case_05.normality.shapiro.p,0.0023708546622219903,0.002366165830602448,4.688831619542415e-06,PASS
case_05.normality.shapiro.reject_0_05,1.0,1.0,0.0,PASS
case_05.normality.shapiro.statistic,0.8767073092687806,0.8766694741807644,3.783508801624702e-05,PASS
case_05.one_way.df1,2.0,2.0,0.0,PASS
case_05.one_way.df2,14.0,14.0,0.0,PASS
case_05.one_way.p,0.19148301609108212,0.1914830160910838,1.6930901125533637e-15,PASS
case_05.one_way.statistic,1.8644309230286369,1.8644309230286233,1.354472090042691e-14,PASS
case_05.paired_t.df,9.0,9.0,0.0,PASS
case_05.paired_t.p,0.007375406805033739,0.007375406805034382,6.435824095873954e-16,PASS
case_05.paired_t.statistic,3.4412952556529746,3.4412952556529746,0.0,PASS
case_05.pearson.df,11.0,11.0,0.0,PASS
case_05.pearson.p,3.171911817670824e-07,3.171911817670818e-07,5.823351512373315e-22,PASS
case_05.pearson.statistic,0.9565212392229077,0.9565212392229077,0.0,PASS
case_05.spearman.df,11.0,11.0,0.0,PASS
case_05.spearman.p,2.2072916982291701e-07,2.207291698229209e-07,3.891057601449442e-21,PASS
case_05.spearman.statistic,0.9593352801368052,0.9593352801368051,1.1102230246251565e-16,PASS
case_05.two_way.factor_a.F,123.10064317945901,123.10064317945901,0.0,PASS
case_05.two_way.factor_a.df1,1.0,1.0,0.0,PASS
case_05.two_way.factor_a.df2,18.0,18.0,0.0,PASS
case_05.two_way.factor_a.p,1.7639084715884653e-09,1.763908471588477e-09,1.1787323728880644e-23,PASS
case_05.two_way.factor_b.F,33.30783868599967,33.30783868599965,2.1316282072803006e-14,PASS
case_05.two_way.factor_b.df1,2.0,2.0,0.0,PASS
case_05.two_way.factor_b.df2,18.0,18.0,0.0,PASS
case_05.two_way.factor_b.p,8.920619737665456e-07,8.920619737665456e-07,0.0,PASS
case_05.two_way.interaction.F,4.61371642269003,4.613716422690019,1.0658141036401503e-14,PASS
case_05.two_way.interaction.df1,2.0,2.0,0.0,PASS
case_05.two_way.interaction.df2,18.0,18.0,0.0,PASS
case_05.two_way.interaction.p,0.02412083211437828,0.024120832114378335,5.551115123125783e-17,PASS
case_05.welch_one_way.df1,2.0,2.0,0.0,PASS
case_05.welch_one_way.df2,7.1,7.1,0.0,PASS
case_05.welch_one_way.p,0.04865027688254033,0.048650276882540935,6.036837696399289e-16,PASS
case_05.welch_one_way.statistic,4.775474407626269,4.775474407626241,2.7533531010703882e-14,PASS
case_05.welch_t.df,5.4,5.4,0.0,PASS
case_05.welch_t.p,0.03274240797541465,0.03274240797541798,3.3237301799715624e-15,PASS
case_05.welch_t.statistic,-2.843756021386214,-2.8437560213862048,9.325873406851315e-15,PASS
case_05.wilcoxon.p,0.03231291124321034,0.03231291124324409,3.375077994860476e-14,PASS
case_05.wilcoxon.statistic,6.0,6.0,0.0,PASS
case_06.friedman.df,2.0,2.0,0.0,PASS
case_06.friedman.p,0.0024787521766663767,0.0024787521766663585,1.8214596497756474e-17,PASS
case_06.friedman.statistic,12.0,12.0,0.0,PASS
case_06.kruskal_wallis.df,2.0,2.0,0.0,PASS
case_06.kruskal_wallis.p,0.015583157025513605,0.015583157025513586,1.9081958235744878e-17,PASS
case_06.kruskal_wallis.statistic,8.323129251700678,8.323129251700678,0.0,PASS
case_06.mann_whitney.p,0.0741455311112893,0.07414553111140686,1.1755874051999626e-13,PASS
case_06.mann_whitney.statistic,8.0,8.0,0.0,PASS
case_06.mixed.df1,2.0,2.0,0.0,PASS
case_06.mixed.df2,12.0,12.0,0.0,PASS
case_06.mixed.icc,0.9113783088679445,0.911378293452346,1.5415598464407765e-08,PASS
case_06.mixed.p,2.7393040733642614e-09,2.7393038948275716e-09,1.7853668976050394e-16,PASS
case_06.mixed.statistic,154.40252844265933,154.4025298972267,1.4545673820975935e-06,PASS
case_06.mixed_incomplete.df1,2.0,2.0,0.0,PASS
case_06.mixed_incomplete.df2,10.0,10.0,0.0,PASS
case_06.mixed_incomplete.icc,0.9104200697507777,0.9104200716826294,1.9318516786270834e-09,PASS
case_06.mixed_incomplete.p,5.68701991668106e-08,5.687021253919511e-08,1.3372384510038281e-14,PASS
case_06.mixed_incomplete.statistic,135.60250379277593,135.60249720874333,6.58403260445084e-06,PASS
case_06.normality.dagostino.p,1.8957778276009659e-25,1.8957778276014595e-25,4.936157918492028e-38,PASS
case_06.normality.dagostino.reject_0_05,1.0,1.0,0.0,PASS
case_06.normality.dagostino.statistic,113.84999621483945,113.84999621483892,5.258016244624741e-13,PASS
case_06.normality.shapiro.p,1.6313252358883916e-05,1.591400183535622e-05,3.9925052352769805e-07,PASS
case_06.normality.shapiro.reject_0_05,1.0,1.0,0.0,PASS
case_06.normality.shapiro.statistic,0.765396120890937,0.7647527326267247,0.0006433882642122857,PASS
case_06.one_way.df1,2.0,2.0,0.0,PASS
case_06.one_way.df2,17.0,17.0,0.0,PASS
case_06.one_way.p,0.023872835065517156,0.02387283506551698,1.7694179454963432e-16,PASS
case_06.one_way.statistic,4.690271945115816,4.690271945115823,7.105427357601002e-15,PASS
case_06.paired_t.df,10.0,10.0,0.0,PASS
case_06.paired_t.p,0.00041980504903201536,0.00041980504903201514,2.168404344971009e-19,PASS
case_06.paired_t.statistic,5.168849532791791,5.168849532791791,0.0,PASS
case_06.pearson.df,7.0,7.0,0.0,PASS
case_06.pearson.p,0.0014424218487246604,0.0014424218487247645,1.0408340855860843e-16,PASS
case_06.pearson.statistic,-0.8866548897697919,-0.8866548897697921,2.220446049250313e-16,PASS
case_06.spearman.df,7.0,7.0,0.0,PASS
case_06.spearman.p,0.002796606072589458,0.0027966060725894584,4.336808689942018e-19,PASS
case_06.spearman.statistic,-0.8620689655172413,-0.8620689655172414,1.1102230246251565e-16,PASS
case_06.two_way.factor_a.F,259.54885390727674,259.54885390727804,1.3073986337985843e-12,PASS
case_06.two_way.factor_a.df1,1.0,1.0,0.0,PASS
case_06.two_way.factor_a.df2,18.0,18.0,0.0,PASS
case_06.two_way.factor_a.p,3.879165655737027e-12,3.879165655736856e-12,1.71252236192619e-25,PASS
case_06.two_way.factor_b.F,69.64085621504725,69.64085621504759,3.410605131648481e-13,PASS
case_06.two_way.factor_b.df1,2.0,2.0,0.0,PASS
case_06.two_way.factor_b.df2,18.0,18.0,0.0,PASS
case_06.two_way.factor_b.p,3.367817003183935e-09,3.367817003183797e-09,1.3813916229635562e-22,PASS
case_06.two_way.interaction.F,2.319849029199268,2.319849029199298,3.019806626980426e-14,PASS
case_06.two_way.interaction.df1,2.0,2.0,0.0,PASS
case_06.two_way.interaction.df2,18.0,18.0,0.0,PASS
case_06.two_way.interaction.p,0.1269453718010689,0.12694537180106558,3.3306690738754696e-15,PASS
case_06.welch_one_way.df1,2.0,2.0,0.0,PASS
case_06.welch_one_way.df2,8.7,8.7,0.0,PASS
case_06.welch_one_way.p,0.008046730919188136,0.008046730919188115,2.0816681711721685e-17,PASS
case_06.welch_one_way.statistic,8.817462451070897,8.817462451070897,0.0,PASS
case_06.welch_t.df,6.6,6.6,0.0,PASS
case_06.welch_t.p,0.028748501209276814,0.028748501209277376,5.620504062164855e-16,PASS
case_06.welch_t.statistic,-2.7810815217530664,-2.781081521753066,4.440892098500626e-16,PASS
case_06.wilcoxon.p,0.0038572928299416276,0.0038572928299425158,8.881784197001252e-16,PASS
case_06.wilcoxon.statistic,0.0,0.0,0.0,PASS
case_07.friedman.df,2.0,2.0,0.0,PASS
case_07.friedman.p,0.000911881965554473,0.0009118819655545162,4.3259666682171627e-17,PASS
case_07.friedman.statistic,14.0,14.0,0.0,PASS
case_07.kruskal_wallis.df,2.0,2.0,0.0,PASS
case_07.kruskal_wallis.p,0.9329899011499069,0.9329899011499068,1.1102230246251565e-16,PASS
case_07.kruskal_wallis.statistic,0.13872180451127747,0.13872180451127747,0.0,PASS
case_07.mann_whitney.p,0.8621866944007623,0.8621866944007626,2.220446049250313e-16,PASS
case_07.mann_whitney.statistic,26.0,26.0,0.0,PASS
case_07.mixed.df1,2.0,2.0,0.0,PASS
case_07.mixed.df2,14.0,14.0,0.0,PASS
case_07.mixed.icc,0.9116678452087612,0.9116678416454636,3.5632976569388575e-09,PASS
case_07.mixed.p,1.7266773008071959e-06,1.7266772200930092e-06,8.07141867075888e-14,PASS
case_07.mixed.statistic,39.59653100595464,39.59653131704993,3.110952917495524e-07,PASS
case_07.mixed_incomplete.df1,2.0,2.0,0.0,PASS
case_07.mixed_incomplete.df2,11.0,11.0,0.0,PASS
case_07.mixed_incomplete.icc,0.9076569998816544,0.9076570033835601,3.5019057653684627e-09,PASS
case_07.mixed_incomplete.p,2.1553090807188085e-05,2.155309671691974e-05,5.909731654507502e-12,PASS
case_07.mixed_incomplete.statistic,33.29855016013095,33.298548225873844,1.934257106483983e-06,PASS
case_07.normality.dagostino.p,0.5212706938187744,0.521270693818777,2.55351295663786e-15,PASS
case_07.normality.dagostino.reject_0_05,0.0,0.0,0.0,PASS
case_07.normality.dagostino.statistic,1.3029716125708297,1.3029716125708213,8.43769498715119e-15,PASS
case_07.normality.shapiro.p,0.6443669835746878,0.6349779558969719,0.009389027677715878,PASS
case_07.normality.shapiro.reject_0_05,0.0,0.0,0.0,PASS
case_07.normality.shapiro.statistic,0.9736953033027244,0.9733741806479849,0.00032112265473949186,PASS
case_07.one_way.df1,2.0,2.0,0.0,PASS
case_07.one_way.df2,16.0,16.0,0.0,PASS
case_07.one_way.p,0.9674869648467092,0.9674869648467097,5.551115123125783e-16,PASS
case_07.one_way.statistic,0.03312170398562226,0.03312170398562261,3.469446951953614e-16,PASS
case_07.paired_t.df,5.0,5.0,0.0,PASS
case_07.paired_t.p,0.012857620269494543,0.012857620269494672,1.2836953722228372e-16,PASS
case_07.paired_t.statistic,3.7824438629582673,3.7824438629582673,0.0,PASS
case_07.pearson.df,8.0,8.0,0.0,PASS
case_07.pearson.p,0.00026839950721385246,0.000268399507213853,5.421010862427522e-19,PASS
case_07.pearson.statistic,0.9090070049835107,0.9090070049835107,0.0,PASS
case_07.spearman.df,8.0,8.0,0.0,PASS
case_07.spearman.p,0.00037677550647747236,0.00037677550647747474,2.3852447794681098e-18,PASS
case_07.spearman.statistic,0.9006987721462127,0.9006987721462129,1.1102230246251565e-16,PASS
case_07.two_way.factor_a.F,73.5839063983918,73.58390639839193,1.2789769243681803e-13,PASS
case_07.two_way.factor_a.df1,1.0,1.0,0.0,PASS
case_07.two_way.factor_a.df2,18.0,18.0,0.0,PASS
case_07.two_way.factor_a.p,8.947453514371141e-08,8.947453514371037e-08,1.045556294267027e-21,PASS
case_07.two_way.factor_b.F,14.564910503848504,14.564910503848491,1.2434497875801753e-14,PASS
case_07.two_way.factor_b.df1,2.0,2.0,0.0,PASS
case_07.two_way.factor_b.df2,18.0,18.0,0.0,PASS
case_07.two_way.factor_b.p,0.00017289818431133355,0.0001728981843113337,1.3552527156068805e-19,PASS
case_07.two_way.interaction.F,1.2067573868995969,1.2067573868995778,1.9095836023552692e-14,PASS
case_07.two_way.interaction.df1,2.0,2.0,0.0,PASS
case_07.two_way.interaction.df2,18.0,18.0,0.0,PASS
case_07.two_way.interaction.p,0.3222496534239898,0.32224965342399764,7.827072323607354e-15,PASS
case_07.welch_one_way.df1,2.0,2.0,0.0,PASS
case_07.welch_one_way.df2,6.4,6.4,0.0,PASS
case_07.welch_one_way.p,0.9758602787276509,0.9758602787276505,4.440892098500626e-16,PASS
case_07.welch_one_way.statistic,0.024528814269755894,0.024528814269756078,1.8388068845354155e-16,PASS
case_07.welch_t.df,9.0,9.0,0.0,PASS
case_07.welch_t.p,0.8353577624646082,0.8353577624646085,2.220446049250313e-16,PASS
case_07.welch_t.statistic,0.21397737303409894,0.21397737303409894,0.0,PASS
case_07.wilcoxon.p,0.05905822909045755,0.05905822909053682,7.926992395823618e-14,PASS
case_07.wilcoxon.statistic,0.0,0.0,0.0,PASS
case_08.friedman.df,2.0,2.0,0.0,PASS
case_08.friedman.p,0.00033546262790251635,0.00033546262790251185,4.4994390158148434e-18,PASS
case_08.friedman.statistic,16.0,16.0,0.0,PASS
case_08.kruskal_wallis.df,2.0,2.0,0.0,PASS
case_08.kruskal_wallis.p,0.7675446465776352,0.7675446465776298,5.440092820663267e-15,PASS
case_08.kruskal_wallis.statistic,0.5291172595520379,0.5291172595520521,1.4210854715202004e-14,PASS
case_08.mann_whitney.p,0.5966405346973951,0.5966405346973951,0.0,PASS
case_08.mann_whitney.statistic,30.0,30.0,0.0,PASS
case_08.mixed.df1,2.0,2.0,0.0,PASS
case_08.mixed.df2,16.0,16.0,0.0,PASS
case_08.mixed.icc,0.9211765883858618,0.9211765932334208,4.847559020859649e-09,PASS
case_08.mixed.p,1.7770794469860994e-10,1.7770795945892814e-10,1.47603182029301e-17,PASS
case_08.mixed.statistic,124.39653875661429,124.39653724613761,1.5104766788454072e-06,PASS
case_08.mixed_incomplete.df1,2.0,2.0,0.0,PASS
case_08.mixed_incomplete.df2,12.0,12.0,0.0,PASS
case_08.mixed_incomplete.icc,0.916896403730321,0.9168964177195437,1.3989222669152923e-08,PASS
case_08.mixed_incomplete.p,1.8103252298648615e-08,1.8103255339241286e-08,3.040592671907492e-15,PASS
case_08.mixed_incomplete.statistic,111.09144072349488,111.09143744000559,3.283489292016384e-06,PASS
case_08.normality.dagostino.p,0.007265460224598045,0.007265460224598009,3.5561831257524545e-17,PASS
case_08.normality.dagostino.reject_0_05,1.0,1.0,0.0,PASS
case_08.normality.dagostino.statistic,9.84924727155324,9.84924727155325,8.881784197001252e-15,PASS
case_08.normality.shapiro.p,0.0020970818420475205,0.0020871047717191146,9.977070328405849e-06,PASS
case_08.normality.shapiro.reject_0_05,1.0,1.0,0.0,PASS
case_08.normality.shapiro.statistic,0.8743536557157762,0.8742618275816174,9.182813415875568e-05,PASS
case_08.one_way.df1,2.0,2.0,0.0,PASS
case_08.one_way.df2,19.0,19.0,0.0,PASS
case_08.one_way.p,0.5526746805980295,0.5526746805980257,3.774758283725532e-15,PASS
case_08.one_way.statistic,0.6118838329469911,0.6118838329469979,6.772360450213455e-15,PASS
case_08.paired_t.df,6.0,6.0,0.0,PASS
case_08.paired_t.p,0.00029342814182161086,0.00029342814182162035,9.486769009248164e-18,PASS
case_08.paired_t.statistic,7.486624520157463,7.486624520157463,0.0,PASS
case_08.pearson.df,9.0,9.0,0.0,PASS
case_08.pearson.p,1.7946146398939416e-05,1.7946146398939894e-05,4.777265822514254e-19,PASS
case_08.pearson.statistic,-0.9392877358842908,-0.9392877358842905,3.3306690738754696e-16,PASS
case_08.spearman.df,9.0,9.0,0.0,PASS
case_08.spearman.p,1.8313043841718005e-05,1.8313043841718e-05,6.776263578034403e-21,PASS
case_08.spearman.statistic,-0.9390085313420792,-0.9390085313420792,0.0,PASS
case_08.two_way.factor_a.F,241.28498006020735,241.2849800602058,1.5347723092418164e-12,PASS
case_08.two_way.factor_a.df1,1.0,1.0,0.0,PASS
case_08.two_way.factor_a.df2,18.0,18.0,0.0,PASS
case_08.two_way.factor_a.p,7.17378252981909e-12,7.1737825298194414e-12,3.513902016216475e-25,PASS
case_08.two_way.factor_b.F,66.49477790030106,66.49477790030059,4.689582056016661e-13,PASS
case_08.two_way.factor_b.df1,2.0,2.0,0.0,PASS
case_08.two_way.factor_b.df2,18.0,18.0,0.0,PASS
case_08.two_way.factor_b.p,4.8632923662016574e-09,4.863292366201917e-09,2.597347123416507e-22,PASS
case_08.two_way.interaction.F,11.793394947117958,11.793394947118022,6.394884621840902e-14,PASS
case_08.two_way.interaction.df1,2.0,2.0,0.0,PASS
case_08.two_way.interaction.df2,18.0,18.0,0.0,PASS
case_08.two_way.interaction.p,0.000533155583497761,0.0005331555834977448,1.6154612370034016e-17,PASS
case_08.welch_one_way.df1,2.0,2.0,0.0,PASS
case_08.welch_one_way.df2,9.1,9.1,0.0,PASS
case_08.welch_one_way.p,0.5375514918998245,0.5375514918998243,2.220446049250313e-16,PASS
case_08.welch_one_way.statistic,0.6652552409586885,0.6652552409586919,3.4416913763379853e-15,PASS
case_08.welch_t.df,12.7,12.7,0.0,PASS
case_08.welch_t.p,0.4233382210714559,0.4233382210714568,8.881784197001252e-16,PASS
case_08.welch_t.statistic,-0.8273265640689564,-0.8273265640689594,2.9976021664879227e-15,PASS
case_08.wilcoxon.p,0.022494271222435414,0.022494271222449624,1.4210854715202004e-14,PASS
case_08.wilcoxon.statistic,0.0,0.0,0.0,PASS
case_09.friedman.df,2.0,2.0,0.0,PASS
case_09.friedman.p,0.00015510184823741557,0.00015510184823739478,2.0789576657409548e-17,PASS
case_09.friedman.statistic,17.54285714285713,17.542857142857144,1.4210854715202004e-14,PASS
case_09.kruskal_wallis.df,2.0,2.0,0.0,PASS
case_09.kruskal_wallis.p,0.008649822744475677,0.008649822744475618,5.898059818321144e-17,PASS
case_09.kruskal_wallis.statistic,9.500432900432898,9.500432900432898,0.0,PASS
case_09.mann_whitney.p,0.016928706486075473,0.016928706486087557,1.2084083733654438e-14,PASS
case_09.mann_whitney.statistic,5.0,5.0,0.0,PASS
case_09.mixed.df1,2.0,2.0,0.0,PASS
case_09.mixed.df2,18.0,18.0,0.0,PASS
case_09.mixed.icc,0.9304994165197522,0.9304994131875878,3.3321644332673372e-09,PASS
case_09.mixed.p,4.0927200650110484e-14,4.085620730620576e-14,7.099334390472361e-17,PASS
case_09.mixed.statistic,267.5646872968184,267.5646898833162,2.5864977715173154e-06,PASS
case_09.mixed_incomplete.df1,2.0,2.0,0.0,PASS
case_09.mixed_incomplete.df2,14.0,14.0,0.0,PASS
case_09.mixed_incomplete.icc,0.9306172599771682,0.9306172377967554,2.2180412728722843e-08,PASS
case_09.mixed_incomplete.p,1.5701820894847866e-11,1.570188423727359e-11,6.334242572303078e-17,PASS
case_09.mixed_incomplete.statistic,237.6435395420558,237.643532103727,7.438328793796245e-06,PASS
case_09.normality.dagostino.p,2.410437774951764e-25,2.410437774951346e-25,4.1831068499964997e-38,PASS
case_09.normality.dagostino.reject_0_05,1.0,1.0,0.0,PASS
case_09.normality.dagostino.statistic,113.3696378889745,113.36963788897484,3.410605131648481e-13,PASS
case_09.normality.shapiro.p,1.6242188827795486e-05,1.5840723599454838e-05,4.0146522834064865e-07,PASS
case_09.normality.shapiro.reject_0_05,1.0,1.0,0.0,PASS
case_09.normality.shapiro.statistic,0.7652828328732233,0.76463278743705,0.0006500454361733077,PASS
case_09.one_way.df1,2.0,2.0,0.0,PASS
case_09.one_way.df2,18.0,18.0,0.0,PASS
case_09.one_way.p,0.011476205724892729,0.01147620572489268,4.85722573273506e-17,PASS
case_09.one_way.statistic,5.784970874854645,5.784970874854648,2.6645352591003757e-15,PASS
case_09.paired_t.df,7.0,7.0,0.0,PASS
case_09.paired_t.p,0.011370704658181963,0.011370704658182133,1.700029006457271e-16,PASS
case_09.paired_t.statistic,3.404622977196925,3.404622977196925,0.0,PASS
case_09.pearson.df,10.0,10.0,0.0,PASS
case_09.pearson.p,4.0448718721287935e-06,4.04487187212889e-06,9.656175598699024e-20,PASS
case_09.pearson.statistic,0.9437183415939414,0.9437183415939413,1.1102230246251565e-16,PASS
case_09.spearman.df,10.0,10.0,0.0,PASS
case_09.spearman.p,1.8620210562264928e-05,1.862021056226487e-05,5.759824041329242e-20,PASS
case_09.spearman.statistic,0.9230784000933474,0.9230784000933474,0.0,PASS
case_09.two_way.factor_a.F,120.981185631677,120.98118563167614,8.526512829121202e-13,PASS
case_09.two_way.factor_a.df1,1.0,1.0,0.0,PASS
case_09.two_way.factor_a.df2,18.0,18.0,0.0,PASS
case_09.two_way.factor_a.p,2.023316174012577e-09,2.023316174012706e-09,1.2904017555827232e-22,PASS
case_09.two_way.factor_b.F,35.92999739212179,35.9299973921215,2.913225216616411e-13,PASS
case_09.two_way.factor_b.df1,2.0,2.0,0.0,PASS
case_09.two_way.factor_b.df2,18.0,18.0,0.0,PASS
case_09.two_way.factor_b.p,5.192243418255278e-07,5.192243418255577e-07,2.9963790509120874e-20,PASS
case_09.two_way.interaction.F,0.11751969139131385,0.11751969139131424,3.885780586188048e-16,PASS
case_09.two_way.interaction.df1,2.0,2.0,0.0,PASS
case_09.two_way.interaction.df2,18.0,18.0,0.0,PASS
case_09.two_way.interaction.p,0.8897995779933381,0.8897995779933374,6.661338147750939e-16,PASS
case_09.welch_one_way.df1,2.0,2.0,0.0,PASS
case_09.welch_one_way.df2,9.1,9.1,0.0,PASS
case_09.welch_one_way.p,0.0023286660464009843,0.0023286660464009973,1.3010426069826053e-17,PASS
case_09.welch_one_way.statistic,12.692097966469078,12.692097966469055,2.3092638912203256e-14,PASS
case_09.welch_t.df,10.0,10.0,0.0,PASS
case_09.welch_t.p,0.0037945235367407974,0.003794523536740931,1.3357370765021415e-16,PASS
case_09.welch_t.statistic,-3.7452946763473105,-3.7452946763473047,5.773159728050814e-15,PASS
case_09.wilcoxon.p,0.029973973586534308,0.029973973586555847,2.1538326677728037e-14,PASS
case_09.wilcoxon.statistic,2.0,2.0,0.0,PASS
case_10.friedman.df,2.0,2.0,0.0,PASS
case_10.friedman.p,4.539992976249074e-05,4.5399929762484854e-05,5.888573049311896e-18,PASS
case_10.friedman.statistic,20.0,20.0,0.0,PASS
case_10.kruskal_wallis.df,2.0,2.0,0.0,PASS
case_10.kruskal_wallis.p,0.43323881578388834,0.43323881578386647,2.1871393585115584e-14,PASS
case_10.kruskal_wallis.statistic,1.6729323308270665,1.6729323308270594,7.105427357601002e-15,PASS
case_10.mann_whitney.p,0.6889205558044604,0.6889205558044607,2.220446049250313e-16,PASS
case_10.mann_whitney.statistic,15.0,15.0,0.0,PASS
case_10.mixed.df1,2.0,2.0,0.0,PASS
case_10.mixed.df2,20.0,20.0,0.0,PASS
case_10.mixed.icc,0.9050507941710731,0.9050507947091928,5.381196599429927e-10,PASS
case_10.mixed.p,1.5512874416835542e-09,1.5512873208223255e-09,1.2086122872830724e-16,PASS
case_10.mixed.statistic,66.02050886111367,66.02050934792238,4.868087160048162e-07,PASS
case_10.mixed_incomplete.df1,2.0,2.0,0.0,PASS
case_10.mixed_incomplete.df2,17.0,17.0,0.0,PASS
case_10.mixed_incomplete.icc,0.9046704411135785,0.9046704465715849,5.458006380187896e-09,PASS
case_10.mixed_incomplete.p,1.1359993891945028e-08,1.1359992280191022e-08,1.611754005403841e-15,PASS
case_10.mixed_incomplete.statistic,64.62743255528937,64.62743374447052,1.1891811482200865e-06,PASS
case_10.normality.dagostino.p,0.1859273965541567,0.185927396554158,1.304512053934559e-15,PASS
case_10.normality.dagostino.reject_0_05,0.0,0.0,0.0,PASS
case_10.normality.dagostino.statistic,3.364798045157082,3.3647980451570674,1.4654943925052066e-14,PASS
case_10.normality.shapiro.p,0.27077672672352626,0.2640611472928497,0.006715579430676577,PASS
case_10.normality.shapiro.reject_0_05,0.0,0.0,0.0,PASS
case_10.normality.shapiro.statistic,0.9577332115939543,0.9573139510958468,0.00041926049810747656,PASS
case_10.one_way.df1,2.0,2.0,0.0,PASS
case_10.one_way.df2,16.0,16.0,0.0,PASS
case_10.one_way.p,0.415476222584651,0.41547622258464423,6.772360450213455e-15,PASS
case_10.one_way.statistic,0.9283604537160461,0.9283604537160475,1.3322676295501878e-15,PASS
case_10.paired_t.df,8.0,8.0,0.0,PASS
case_10.paired_t.p,0.0025834824777079116,0.002583482477707975,6.331740687315346e-17,PASS
case_10.paired_t.statistic,4.309189856500325,4.309189856500324,8.881784197001252e-16,PASS
case_10.pearson.df,11.0,11.0,0.0,PASS
case_10.pearson.p,3.0264904210589134e-07,3.0264904210588467e-07,6.670384459627615e-21,PASS
case_10.pearson.statistic,-0.956896352289867,-0.9568963522898671,1.1102230246251565e-16,PASS
case_10.spearman.df,11.0,11.0,0.0,PASS
case_10.spearman.p,5.425912371949302e-07,5.425912371949306e-07,4.235164736271502e-22,PASS
case_10.spearman.statistic,-0.9519866139973496,-0.9519866139973496,0.0,PASS
case_10.two_way.factor_a.F,333.4075307756592,333.4075307756569,2.3305801732931286e-12,PASS
case_10.two_way.factor_a.df1,1.0,1.0,0.0,PASS
case_10.two_way.factor_a.df2,18.0,18.0,0.0,PASS
case_10.two_way.factor_a.p,4.609782850267333e-13,4.609782850267606e-13,2.726303288443817e-26,PASS
case_10.two_way.factor_b.F,90.2385583375904,90.23855833758988,5.258016244624741e-13,PASS
case_10.two_way.factor_b.df1,2.0,2.0,0.0,PASS
case_10.two_way.factor_b.df2,18.0,18.0,0.0,PASS
case_10.two_way.factor_b.p,4.150100043291957e-10,4.1501000432921476e-10,1.90768528770042e-23,PASS
case_10.two_way.interaction.F,6.821856325960173,6.821856325960216,4.263256414560601e-14,PASS
case_10.two_way.interaction.df1,2.0,2.0,0.0,PASS
case_10.two_way.interaction.df2,18.0,18.0,0.0,PASS
case_10.two_way.interaction.p,0.00623541920998783,0.00623541920998766,1.700029006457271e-16,PASS
case_10.welch_one_way.df1,2.0,2.0,0.0,PASS
case_10.welch_one_way.df2,8.3,8.3,0.0,PASS
case_10.welch_one_way.p,0.5403821813069701,0.5403821813069628,7.327471962526033e-15,PASS
case_10.welch_one_way.statistic,0.6634448075272877,0.6634448075272931,5.329070518200751e-15,PASS
case_10.welch_t.df,5.8,5.8,0.0,PASS
case_10.welch_t.p,0.6700241539326418,0.670024153932644,2.220446049250313e-15,PASS
case_10.welch_t.statistic,-0.4485889184619962,-0.44858891846199284,3.3861802251067274e-15,PASS
case_10.wilcoxon.p,0.014266186701436423,0.014266186701446859,1.0436096431476471e-14,PASS
case_10.wilcoxon.statistic,0.0,0.0,0.0,PASS
case_11.friedman.df,2.0,2.0,0.0,PASS
case_11.friedman.p,0.0024787521766663767,0.0024787521766663585,1.8214596497756474e-17,PASS
case_11.friedman.statistic,12.0,12.0,0.0,PASS
case_11.kruskal_wallis.df,2.0,2.0,0.0,PASS
case_11.kruskal_wallis.p,0.5257880244257925,0.5257880244257801,1.2434497875801753e-14,PASS
case_11.kruskal_wallis.statistic,1.2857142857142847,1.2857142857142847,0.0,PASS
case_11.mann_whitney.p,0.4432885221164442,0.44328852211644015,4.052314039881821e-15,PASS
case_11.mann_whitney.statistic,18.0,18.0,0.0,PASS
case_11.mixed.df1,2.0,2.0,0.0,PASS
case_11.mixed.df2,12.0,12.0,0.0,PASS
case_11.mixed.icc,0.9222291604340886,0.9222291534944215,6.93966717424388e-09,PASS
case_11.mixed.p,5.6524529972563326e-08,5.6524529723489536e-08,2.4907379023138556e-16,PASS
case_11.mixed.statistic,90.85270554992532,90.85270559917431,4.924899599245691e-08,PASS
case_11.mixed_incomplete.df1,2.0,2.0,0.0,PASS
case_11.mixed_incomplete.df2,9.0,9.0,0.0,PASS
case_11.mixed_incomplete.icc,0.9278224897970009,0.927822490231132,4.341310644306873e-10,PASS
case_11.mixed_incomplete.p,1.2163651829349594e-06,1.2163656104569043e-06,4.275219448392247e-13,PASS
case_11.mixed_incomplete.statistic,88.32025139664351,88.32024414711377,7.249529744512984e-06,PASS
case_11.normality.dagostino.p,0.005166496145621044,0.005166496145621064,1.9949319973733282e-17,PASS
case_11.normality.dagostino.reject_0_05,1.0,1.0,0.0,PASS
case_11.normality.dagostino.statistic,10.531121096686078,10.53112109668607,8.881784197001252e-15,PASS
case_11.normality.shapiro.p,0.00228721651229766,0.002282236853687442,4.97965861021802e-06,PASS
case_11.normality.shapiro.reject_0_05,1.0,1.0,0.0,PASS
case_11.normality.shapiro.statistic,0.8760202035334682,0.8759784578242731,4.174570919512899e-05,PASS
case_11.one_way.df1,2.0,2.0,0.0,PASS
case_11.one_way.df2,15.0,15.0,0.0,PASS
case_11.one_way.p,0.35148140053254406,0.35148140053254373,3.3306690738754696e-16,PASS
case_11.one_way.statistic,1.121992027895862,1.121992027895862,0.0,PASS
case_11.paired_t.df,9.0,9.0,0.0,PASS
case_11.paired_t.p,3.354213343637248e-05,3.354213343637255e-05,7.453889935837843e-20,PASS
case_11.paired_t.statistic,7.592064863972076,7.592064863972076,0.0,PASS
case_11.pearson.df,7.0,7.0,0.0,PASS
case_11.pearson.p,0.0002075091062118738,0.000207509106211873,8.131516293641283e-19,PASS
case_11.pearson.statistic,0.935776286663751,0.9357762866637511,1.1102230246251565e-16,PASS
case_11.spearman.df,7.0,7.0,0.0,PASS
case_11.spearman.p,0.0009289884429433059,0.0009289884429433227,1.680513367352532e-17,PASS
case_11.spearman.statistic,0.9004413377331422,0.9004413377331423,1.1102230246251565e-16,PASS
case_11.two_way.factor_a.F,132.2514057345098,132.2514057345097,1.1368683772161603e-13,PASS
case_11.two_way.factor_a.df1,1.0,1.0,0.0,PASS
case_11.two_way.factor_a.df2,18.0,18.0,0.0,PASS
case_11.two_way.factor_a.p,9.9806298435895e-10,9.980629843589616e-10,1.1580528575742387e-23,PASS
case_11.two_way.factor_b.F,33.34974448397752,33.34974448397745,6.394884621840902e-14,PASS
case_11.two_way.factor_b.df1,2.0,2.0,0.0,PASS
case_11.two_way.factor_b.df2,18.0,18.0,0.0,PASS
case_11.two_way.factor_b.p,8.841489502301555e-07,8.841489502301672e-07,1.164670302474663e-20,PASS
case_11.two_way.interaction.F,3.6261007926019717,3.6261007926019477,2.398081733190338e-14,PASS
case_11.two_way.interaction.df1,2.0,2.0,0.0,PASS
case_11.two_way.interaction.df2,18.0,18.0,0.0,PASS
case_11.two_way.interaction.p,0.04750718721219668,0.04750718721219738,6.938893903907228e-16,PASS
case_11.welch_one_way.df1,2.0,2.0,0.0,PASS
case_11.welch_one_way.df2,6.4,6.4,0.0,PASS
case_11.welch_one_way.p,0.3662883985811163,0.36628839858114026,2.398081733190338e-14,PASS
case_11.welch_one_way.statistic,1.1795348078244305,1.1795348078244352,4.6629367034256575e-15,PASS
case_11.welch_t.df,8.2,8.2,0.0,PASS
case_11.welch_t.p,0.3294245187842424,0.32942451878424156,8.326672684688674e-16,PASS
case_11.welch_t.statistic,-1.0366264921861972,-1.0366264921862,2.886579864025407e-15,PASS
case_11.wilcoxon.p,0.005921537024146328,0.005921537024148771,2.4424906541753444e-15,PASS
case_11.wilcoxon.statistic,0.0,0.0,0.0,PASS
case_12.friedman.df,2.0,2.0,0.0,PASS
case_12.friedman.p,0.000911881965554473,0.0009118819655545162,4.3259666682171627e-17,PASS
case_12.friedman.statistic,14.0,14.0,0.0,PASS
case_12.kruskal_wallis.df,2.0,2.0,0.0,PASS
case_12.kruskal_wallis.p,0.08227176759602839,0.08227176759602887,4.85722573273506e-16,PASS
case_12.kruskal_wallis.statistic,4.99545454545455,4.995454545454535,1.4210854715202004e-14,PASS
case_12.mann_whitney.p,0.15625395802736808,0.15625395802736336,4.718447854656915e-15,PASS
case_12.mann_whitney.statistic,18.0,18.0,0.0,PASS
case_12.mixed.df1,2.0,2.0,0.0,PASS
case_12.mixed.df2,14.0,14.0,0.0,PASS
case_12.mixed.icc,0.9171487737922845,0.9171487923172961,1.8525011524772594e-08,PASS
case_12.mixed.p,1.1101992111119076e-10,1.1101985997186148e-10,6.11393292842288e-17,PASS
case_12.mixed.statistic,178.00506719528298,178.00507230424117,5.1089581916130555e-06,PASS
case_12.mixed_incomplete.df1,2.0,2.0,0.0,PASS
case_12.mixed_incomplete.df2,11.0,11.0,0.0,PASS
case_12.mixed_incomplete.icc,0.9268201498604728,0.926820122543647,2.731682580137118e-08,PASS
case_12.mixed_incomplete.p,3.959870771537175e-09,3.9598719858702225e-09,1.2143330477199739e-15,PASS
case_12.mixed_incomplete.statistic,179.8775127062126,179.8775023615281,1.0344684511665037e-05,PASS
case_12.normality.dagostino.p,5.648376402929875e-25,5.648376402930368e-25,4.931566143684128e-38,PASS
case_12.normality.dagostino.reject_0_05,1.0,1.0,0.0,PASS
case_12.normality.dagostino.statistic,111.6665183666051,111.66651836660492,1.8474111129762605e-13,PASS
case_12.normality.shapiro.p,1.731056941220863e-05,1.6884471800109648e-05,4.26097612098982e-07,PASS
case_12.normality.shapiro.reject_0_05,1.0,1.0,0.0,PASS
case_12.normality.shapiro.statistic,0.7669329846420403,0.7662881669344939,0.0006448177075464301,PASS
case_12.one_way.df1,2.0,2.0,0.0,PASS
case_12.one_way.df2,18.0,18.0,0.0,PASS
case_12.one_way.p,0.058959805076740195,0.058959805076740035,1.5959455978986625e-16,PASS
case_12.one_way.statistic,3.3267161070263143,3.3267161070263134,8.881784197001252e-16,PASS
case_12.paired_t.df,10.0,10.0,0.0,PASS
case_12.paired_t.p,2.734839522556246e-06,2.734839522556268e-06,2.202285662861181e-20,PASS
case_12.paired_t.statistic,9.42231579620352,9.42231579620352,0.0,PASS
case_12.pearson.df,8.0,8.0,0.0,PASS
case_12.pearson.p,0.00024674271179227664,0.00024674271179227924,2.6020852139652106e-18,PASS
case_12.pearson.statistic,-0.9109546523450427,-0.9109546523450425,2.220446049250313e-16,PASS
case_12.spearman.df,8.0,8.0,0.0,PASS
case_12.spearman.p,0.0008410726803735512,0.0008410726803735549,3.686287386450715e-18,PASS
case_12.spearman.statistic,-0.8777472595071586,-0.8777472595071585,1.1102230246251565e-16,PASS
case_12.two_way.factor_a.F,261.6017676437439,261.60176764374353,3.979039320256561e-13,PASS
case_12.two_way.factor_a.df1,1.0,1.0,0.0,PASS
case_12.two_way.factor_a.df2,18.0,18.0,0.0,PASS
case_12.two_way.factor_a.p,3.6294026692884586e-12,3.629402669288506e-12,4.725592366635949e-26,PASS
case_12.two_way.factor_b.F,69.51386138884169,69.51386138884156,1.2789769243681803e-13,PASS
case_12.two_way.factor_b.df1,2.0,2.0,0.0,PASS
case_12.two_way.factor_b.df2,18.0,18.0,0.0,PASS
case_12.two_way.factor_b.p,3.417161878129052e-09,3.4171618781290993e-09,4.714929491552258e-23,PASS
case_12.two_way.interaction.F,1.6854105155246837,1.6854105155246752,8.43769498715119e-15,PASS
case_12.two_way.interaction.df1,2.0,2.0,0.0,PASS
case_12.two_way.interaction.df2,18.0,18.0,0.0,PASS
case_12.two_way.interaction.p,0.21333478760109315,0.21333478760111244,1.9290125052862095e-14,PASS
case_12.welch_one_way.df1,2.0,2.0,0.0,PASS
case_12.welch_one_way.df2,9.0,9.0,0.0,PASS
case_12.welch_one_way.p,0.07555618516801323,0.07555618516801288,3.469446951953614e-16,PASS
case_12.welch_one_way.statistic,3.4871272301156266,3.4871272301156333,6.661338147750939e-15,PASS
case_12.welch_t.df,11.6,11.6,0.0,PASS
case_12.welch_t.p,0.08441099531175665,0.08441099531181777,6.111777750561487e-14,PASS
case_12.welch_t.statistic,-1.8876948936836841,-1.887694893683687,2.886579864025407e-15,PASS
case_12.wilcoxon.p,0.0038572928299416276,0.0038572928299425158,8.881784197001252e-16,PASS
case_12.wilcoxon.statistic,0.0,0.0,0.0,PASS
case_13.friedman.df,2.0,2.0,0.0,PASS
case_13.friedman.p,0.00042044640235017194,0.0004204464023501497,2.222614453595284e-17,PASS
case_13.friedman.statistic,15.548387096774194,15.548387096774194,0.0,PASS
case_13.kruskal_wallis.df,2.0,2.0,0.0,PASS
case_13.kruskal_wallis.p,0.5995431673089664,0.599543167308962,4.440892098500626e-15,PASS
case_13.kruskal_wallis.statistic,1.0231746031745956,1.0231746031746098,1.4210854715202004e-14,PASS
case_13.mann_whitney.p,0.8939297667527719,0.8939297667527719,0.0,PASS
case_13.mann_whitney.statistic,21.0,21.0,0.0,PASS
case_13.mixed.df1,2.0,2.0,0.0,PASS
case_13.mixed.df2,16.0,16.0,0.0,PASS
case_13.mixed.icc,0.9230361963528261,0.9230362016076128,5.254786716868409e-09,PASS
case_13.mixed.p,1.9817613618025857e-07,1.9817613927664013e-07,3.096381560609943e-15,PASS
case_13.mixed.statistic,47.07551507037731,47.07551495999805,1.103792541812254e-07,PASS
case_13.mixed_incomplete.df1,2.0,2.0,0.0,PASS
case_13.mixed_incomplete.df2,12.0,12.0,0.0,PASS
case_13.mixed_incomplete.icc,0.925023428488014,0.9250234062181888,2.2269825206144844e-08,PASS
case_13.mixed_incomplete.p,8.754537200986558e-06,8.754539014277363e-06,1.8132908047400207e-12,PASS
case_13.mixed_incomplete.statistic,35.79385050838164,35.79384906562978,1.4427518593151945e-06,PASS
case_13.normality.dagostino.p,0.7137700662293476,0.7137700662293478,2.220446049250313e-16,PASS
case_13.normality.dagostino.reject_0_05,0.0,0.0,0.0,PASS
case_13.normality.dagostino.statistic,0.6743888092013224,0.6743888092013217,6.661338147750939e-16,PASS
case_13.normality.shapiro.p,0.5531643825935701,0.5440898980474502,0.00907448454611992,PASS
case_13.normality.shapiro.reject_0_05,0.0,0.0,0.0,PASS
case_13.normality.shapiro.statistic,0.9705078797120662,0.9701791882119405,0.0003286915001257107,PASS
case_13.one_way.df1,2.0,2.0,0.0,PASS
case_13.one_way.df2,17.0,17.0,0.0,PASS
case_13.one_way.p,0.6415387497802902,0.6415387497802971,6.8833827526759706e-15,PASS
case_13.one_way.statistic,0.4556803737037693,0.45568037370376807,1.2212453270876722e-15,PASS
case_13.paired_t.df,5.0,5.0,0.0,PASS
case_13.paired_t.p,0.04627901946666573,0.046279019466676105,1.0373646386341306e-14,PASS
case_13.paired_t.statistic,2.634547510639373,2.634547510639373,0.0,PASS
case_13.pearson.df,9.0,9.0,0.0,PASS
case_13.pearson.p,3.0346541840507494e-05,3.03465418405073e-05,1.9312351197398048e-19,PASS
case_13.pearson.statistic,0.9315990018779021,0.9315990018779022,1.1102230246251565e-16,PASS
case_13.spearman.df,9.0,9.0,0.0,PASS
case_13.spearman.p,0.0002377931409748385,0.00023779314097484357,5.068645156369733e-18,PASS
case_13.spearman.statistic,0.8904453095954684,0.8904453095954685,1.1102230246251565e-16,PASS
case_13.two_way.factor_a.F,74.7246323178351,74.72463231783523,1.2789769243681803e-13,PASS
case_13.two_way.factor_a.df1,1.0,1.0,0.0,PASS
case_13.two_way.factor_a.df2,18.0,18.0,0.0,PASS
case_13.two_way.factor_a.p,7.993562070287213e-08,7.99356207028711e-08,1.0323214044661785e-21,PASS
case_13.two_way.factor_b.F,14.904812121146069,14.904812121146072,3.552713678800501e-15,PASS
case_13.two_way.factor_b.df1,2.0,2.0,0.0,PASS
case_13.two_way.factor_b.df2,18.0,18.0,0.0,PASS
case_13.two_way.factor_b.p,0.00015198984510987314,0.00015198984510987273,4.0657581468206416e-19,PASS
case_13.two_way.interaction.F,2.004505806139493,2.0045058061394734,1.9539925233402755e-14,PASS
case_13.two_way.interaction.df1,2.0,2.0,0.0,PASS
case_13.two_way.interaction.df2,18.0,18.0,0.0,PASS
case_13.two_way.interaction.p,0.16369962703023883,0.163699627030241,2.1649348980190553e-15,PASS
case_13.welch_one_way.df1,2.0,2.0,0.0,PASS
case_13.welch_one_way.df2,8.9,8.9,0.0,PASS
case_13.welch_one_way.p,0.68547885576106,0.6854788557610607,6.661338147750939e-16,PASS
case_13.welch_one_way.statistic,0.3941731314661309,0.3941731314661309,0.0,PASS
case_13.welch_t.df,9.1,9.1,0.0,PASS
case_13.welch_t.p,0.9271163406689034,0.9271163406689005,2.886579864025407e-15,PASS
case_13.welch_t.statistic,0.09404568498054439,0.09404568498054437,1.3877787807814457e-17,PASS
case_13.wilcoxon.p,0.10564542920189801,0.10564542920187692,2.1094237467877974e-14,PASS
case_13.wilcoxon.statistic,1.0,1.0,0.0,PASS
case_14.friedman.df,2.0,2.0,0.0,PASS
case_14.friedman.p,0.00012340980408664937,0.00012340980408667956,3.01950305037213e-17,PASS
case_14.friedman.statistic,18.0,18.0,0.0,PASS
case_14.kruskal_wallis.df,2.0,2.0,0.0,PASS
case_14.kruskal_wallis.p,0.427547690118816,0.4275476901187898,2.6201263381153694e-14,PASS
case_14.kruskal_wallis.statistic,1.6993788819875846,1.6993788819875704,1.4210854715202004e-14,PASS
case_14.mann_whitney.p,0.356552337767269,0.3565523377672604,8.604228440844963e-15,PASS
case_14.mann_whitney.statistic,21.0,21.0,0.0,PASS
case_14.mixed.df1,2.0,2.0,0.0,PASS
case_14.mixed.df2,18.0,18.0,0.0,PASS
case_14.mixed.icc,0.9133497524974604,0.9133497720911078,1.9593647371252132e-08,PASS
case_14.mixed.p,1.3008336915125254e-11,1.3008261134928034e-11,7.578019722033874e-17,PASS
case_14.mixed.statistic,136.8053377175123,136.80534014279942,2.425287135565668e-06,PASS
case_14.mixed_incomplete.df1,2.0,2.0,0.0,PASS
case_14.mixed_incomplete.df2,14.0,14.0,0.0,PASS
case_14.mixed_incomplete.icc,0.9040735055101207,0.904073503124887,2.3852336772378635e-09,PASS
case_14.mixed_incomplete.p,4.926802128694048e-09,4.9268029655991086e-09,8.369050603307644e-16,PASS
case_14.mixed_incomplete.statistic,100.61540671892067,100.61540399283663,2.7260840340659342e-06,PASS
case_14.normality.dagostino.p,0.006985584168919527,0.006985584168919559,3.209238430557093e-17,PASS
case_14.normality.dagostino.reject_0_05,1.0,1.0,0.0,PASS
case_14.normality.dagostino.statistic,9.927813315712264,9.927813315712253,1.0658141036401503e-14,PASS
case_14.normality.shapiro.p,0.0021764021632934842,0.0021665567617740575,9.845401519426727e-06,PASS
case_14.normality.shapiro.reject_0_05,1.0,1.0,0.0,PASS
case_14.normality.shapiro.statistic,0.8750676359558225,0.8749805285065648,8.710744925766178e-05,PASS
case_14.one_way.df1,2.0,2.0,0.0,PASS
case_14.one_way.df2,20.0,20.0,0.0,PASS
case_14.one_way.p,0.3311195562234224,0.3311195562234214,9.992007221626409e-16,PASS
case_14.one_way.statistic,1.1686714867063546,1.1686714867063532,1.3322676295501878e-15,PASS
case_14.paired_t.df,6.0,6.0,0.0,PASS
case_14.paired_t.p,0.0045190429044141426,0.004519042904414139,3.469446951953614e-18,PASS
case_14.paired_t.statistic,4.410065333886973,4.4100653338869735,8.881784197001252e-16,PASS
case_14.pearson.df,10.0,10.0,0.0,PASS
case_14.pearson.p,3.693863084592428e-06,3.693863084592486e-06,5.802175688691957e-20,PASS
case_14.pearson.statistic,-0.944750359326802,-0.944750359326802,0.0,PASS
case_14.spearman.df,10.0,10.0,0.0,PASS
case_14.spearman.p,2.362081339708333e-05,2.362081339708308e-05,2.507217523872729e-19,PASS
case_14.spearman.statistic,-0.9192233868126569,-0.919223386812657,1.1102230246251565e-16,PASS
case_14.two_way.factor_a.F,223.68659104859154,223.68659104859165,1.1368683772161603e-13,PASS
case_14.two_way.factor_a.df1,1.0,1.0,0.0,PASS
case_14.two_way.factor_a.df2,18.0,18.0,0.0,PASS
case_14.two_way.factor_a.p,1.3537201979298583e-11,1.353720197929853e-11,5.331437541845686e-26,PASS
case_14.two_way.factor_b.F,64.92332176505629,64.9233217650563,1.4210854715202004e-14,PASS
case_14.two_way.factor_b.df1,2.0,2.0,0.0,PASS
case_14.two_way.factor_b.df2,18.0,18.0,0.0,PASS
case_14.two_way.factor_b.p,5.876913801188117e-09,5.876913801188091e-09,2.5642598989143858e-23,PASS
case_14.two_way.interaction.F,9.949522002852733,9.949522002852714,1.9539925233402755e-14,PASS
case_14.two_way.interaction.df1,2.0,2.0,0.0,PASS
case_14.two_way.interaction.df2,18.0,18.0,0.0,PASS
case_14.two_way.interaction.p,0.0012296973857023048,0.001229697385702313,8.239936510889834e-18,PASS
case_14.welch_one_way.df1,2.0,2.0,0.0,PASS
case_14.welch_one_way.df2,11.8,11.8,0.0,PASS
case_14.welch_one_way.p,0.1333035744979513,0.1333035744979516,3.0531133177191805e-16,PASS
case_14.welch_one_way.statistic,2.403603012307753,2.4036030123077428,1.021405182655144e-14,PASS
case_14.welch_t.df,12.3,12.3,0.0,PASS
case_14.welch_t.p,0.09999453987672943,0.09999453987680886,7.942257962412214e-14,PASS
case_14.welch_t.statistic,-1.778137573527347,-1.778137573527343,3.9968028886505635e-15,PASS
case_14.wilcoxon.p,0.022494271222435414,0.022494271222449624,1.4210854715202004e-14,PASS
case_14.wilcoxon.statistic,0.0,0.0,0.0,PASS
case_15.friedman.df,2.0,2.0,0.0,PASS
case_15.friedman.p,4.539992976249074e-05,4.5399929762484854e-05,5.888573049311896e-18,PASS
case_15.friedman.statistic,20.0,20.0,0.0,PASS
case_15.kruskal_wallis.df,2.0,2.0,0.0,PASS
case_15.kruskal_wallis.p,0.05073737619265151,0.05073737619265128,2.2898349882893854e-16,PASS
case_15.kruskal_wallis.statistic,5.962184873949575,5.962184873949582,7.105427357601002e-15,PASS
case_15.mann_whitney.p,0.10041249398613772,0.10041249398610284,3.487488076103773e-14,PASS
case_15.mann_whitney.statistic,9.0,9.0,0.0,PASS
case_15.mixed.df1,2.0,2.0,0.0,PASS
case_15.mixed.df2,20.0,20.0,0.0,PASS
case_15.mixed.icc,0.9290541429274062,0.929054151818093,8.890686853391117e-09,PASS
case_15.mixed.p,2.264327887439757e-15,2.220446049250313e-15,4.388183818944382e-17,PASS
case_15.mixed.statistic,281.41108538091527,281.4110789004299,6.480485353677068e-06,PASS
case_15.mixed_incomplete.df1,2.0,2.0,0.0,PASS
case_15.mixed_incomplete.df2,15.0,15.0,0.0,PASS
case_15.mixed_incomplete.icc,0.9329018338734576,0.9329018340843211,2.1086354884403136e-10,PASS
case_15.mixed_incomplete.p,5.540815406077985e-12,5.540790048996769e-12,2.5357081216244262e-17,PASS
case_15.mixed_incomplete.statistic,230.1392132132163,230.1392038590045,9.354211783829669e-06,PASS
case_15.normality.dagostino.p,4.478081453933875e-25,4.478081453932806e-25,1.0689651752790177e-37,PASS
case_15.normality.dagostino.reject_0_05,1.0,1.0,0.0,PASS
case_15.normality.dagostino.statistic,112.13086523407578,112.13086523407627,4.831690603168681e-13,PASS
case_15.normality.shapiro.p,1.690448908251875e-05,1.6488697121450994e-05,4.157919610677553e-07,PASS
case_15.normality.shapiro.reject_0_05,1.0,1.0,0.0,PASS
case_15.normality.shapiro.statistic,0.7663188438238168,0.7656735849665017,0.0006452588573150342,PASS
case_15.one_way.df1,2.0,2.0,0.0,PASS
case_15.one_way.df2,14.0,14.0,0.0,PASS
case_15.one_way.p,0.03306917093497775,0.03306917093497756,1.8735013540549517e-16,PASS
case_15.one_way.statistic,4.392236602915157,4.3922366029151645,7.105427357601002e-15,PASS
case_15.paired_t.df,7.0,7.0,0.0,PASS
case_15.paired_t.p,0.0002495968492612035,0.00024959684926120334,1.6263032587282567e-19,PASS
case_15.paired_t.statistic,6.815814430501975,6.815814430501975,0.0,PASS
case_15.pearson.df,11.0,11.0,0.0,PASS
case_15.pearson.p,1.3027280186498543e-06,1.302728018649871e-06,1.6728900708272432e-20,PASS
case_15.pearson.statistic,0.9435297078650512,0.9435297078650512,0.0,PASS
case_15.spearman.df,11.0,11.0,0.0,PASS
case_15.spearman.p,8.123238656122066e-06,8.123238656121981e-06,8.470329472543003e-20,PASS
case_15.spearman.statistic,0.9205882924931855,0.9205882924931856,1.1102230246251565e-16,PASS
case_15.two_way.factor_a.F,108.89525387106347,108.89525387106323,2.4158453015843406e-13,PASS
case_15.two_way.factor_a.df1,1.0,1.0,0.0,PASS
case_15.two_way.factor_a.df2,18.0,18.0,0.0,PASS
case_15.two_way.factor_a.p,4.617553988977294e-09,4.6175539889774714e-09,1.7701665108634792e-22,PASS
case_15.two_way.factor_b.F,32.73850176130157,32.73850176130145,1.2079226507921703e-13,PASS
case_15.two_way.factor_b.df1,2.0,2.0,0.0,PASS
case_15.two_way.factor_b.df2,18.0,18.0,0.0,PASS
case_15.two_way.factor_b.p,1.0077455386207764e-06,1.0077455386207997e-06,2.329340604949326e-20,PASS
case_15.two_way.interaction.F,0.0375084165366046,0.0375084165366034,1.1934897514720433e-15,PASS
case_15.two_way.interaction.df1,2.0,2.0,0.0,PASS
case_15.two_way.interaction.df2,18.0,18.0,0.0,PASS
case_15.two_way.interaction.p,0.9632613881179753,0.9632613881179772,1.887379141862766e-15,PASS
case_15.welch_one_way.df1,2.0,2.0,0.0,PASS
case_15.welch_one_way.df2,6.2,6.2,0.0,PASS
case_15.welch_one_way.p,0.06408848041989137,0.06408848041989137,0.0,PASS
case_15.welch_one_way.statistic,4.407508412745908,4.407508412745907,8.881784197001252e-16,PASS
case_15.welch_t.df,7.2,7.2,0.0,PASS
case_15.welch_t.p,0.06979450756081733,0.06979450756082022,2.886579864025407e-15,PASS
case_15.welch_t.statistic,-2.130435365384673,-2.130435365384673,0.0,PASS
case_15.wilcoxon.p,0.014266186701436423,0.014266186701446859,1.0436096431476471e-14,PASS
case_15.wilcoxon.statistic,0.0,0.0,0.0,PASS
case_16.friedman.df,2.0,2.0,0.0,PASS
case_16.friedman.p,0.0024787521766663767,0.0024787521766663585,1.8214596497756474e-17,PASS
case_16.friedman.statistic,12.0,12.0,0.0,PASS
case_16.kruskal_wallis.df,2.0,2.0,0.0,PASS
case_16.kruskal_wallis.p,0.6024903240168442,0.6024903240168343,9.880984919163893e-15,PASS
case_16.kruskal_wallis.statistic,1.0133673469387787,1.0133673469387645,1.4210854715202004e-14,PASS
case_16.mann_whitney.p,0.9538571530616036,0.9538571530616036,0.0,PASS
case_16.mann_whitney.statistic,27.0,27.0,0.0,PASS
case_16.mixed.df1,2.0,2.0,0.0,PASS
case_16.mixed.df2,12.0,12.0,0.0,PASS
case_16.mixed.icc,0.8731614201919887,0.8731614338309097,1.3638920992598003e-08,PASS
case_16.mixed.p,2.984492156386254e-06,2.984492506685754e-06,3.5029950004955243e-13,PASS
case_16.mixed.statistic,44.00416467557838,44.004163697542545,9.780358354305463e-07,PASS
case_16.mixed_incomplete.df1,2.0,2.0,0.0,PASS
case_16.mixed_incomplete.df2,9.0,9.0,0.0,PASS
case_16.mixed_incomplete.icc,0.8599492547867337,0.8599492415629527,1.3223780959137343e-08,PASS
case_16.mixed_incomplete.p,0.00013836043610844815,0.00013836047496829096,3.8859842806712036e-11,PASS
case_16.mixed_incomplete.statistic,27.91644756800461,27.91644554478898,2.0232156288102487e-06,PASS
case_16.normality.dagostino.p,0.11328149456016412,0.11328149456016408,4.163336342344337e-17,PASS
case_16.normality.dagostino.reject_0_05,0.0,0.0,0.0,PASS
case_16.normality.dagostino.statistic,4.355758911238976,4.355758911238976,0.0,PASS
case_16.normality.shapiro.p,0.19186086824925538,0.18611867666141751,0.005742191587837869,PASS
case_16.normality.shapiro.reject_0_05,0.0,0.0,0.0,PASS
case_16.normality.shapiro.statistic,0.9520561012204634,0.9515612856205261,0.0004948155999372483,PASS
case_16.one_way.df1,2.0,2.0,0.0,PASS
case_16.one_way.df2,17.0,17.0,0.0,PASS
case_16.one_way.p,0.7757791635527201,0.775779163552722,1.887379141862766e-15,PASS
case_16.one_way.statistic,0.25771711173699396,0.25771711173699224,1.7208456881689926e-15,PASS
case_16.paired_t.df,8.0,8.0,0.0,PASS
case_16.paired_t.p,0.0003890803858912474,0.0003890803858912529,5.5294310796760726e-18,PASS
case_16.paired_t.statistic,5.83560342036909,5.83560342036909,0.0,PASS
case_16.pearson.df,7.0,7.0,0.0,PASS
case_16.pearson.p,0.0004419899306453367,0.00044198993064534394,7.209944447028604e-18,PASS
case_16.pearson.statistic,-0.919928234214916,-0.9199282342149157,3.3306690738754696e-16,PASS
case_16.spearman.df,7.0,7.0,0.0,PASS
case_16.spearman.p,0.0033776306131127172,0.0033776306131127467,2.949029909160572e-17,PASS
case_16.spearman.statistic,-0.8540851193524696,-0.8540851193524696,0.0,PASS
case_16.two_way.factor_a.F,310.35485621559013,310.3548562155885,1.6484591469634324e-12,PASS
case_16.two_way.factor_a.df1,1.0,1.0,0.0,PASS
case_16.two_way.factor_a.df2,18.0,18.0,0.0,PASS
case_16.two_way.factor_a.p,8.504086364524631e-13,8.504086364525006e-13,3.746142666713541e-26,PASS
case_16.two_way.factor_b.F,84.00823226199132,84.00823226199081,5.115907697472721e-13,PASS
case_16.two_way.factor_b.df1,2.0,2.0,0.0,PASS
case_16.two_way.factor_b.df2,18.0,18.0,0.0,PASS
case_16.two_way.factor_b.p,7.438580609339907e-10,7.438580609340279e-10,3.7223127564886245e-23,PASS
case_16.two_way.interaction.F,8.261647881684949,8.261647881684981,3.197442310920451e-14,PASS
case_16.two_way.interaction.df1,2.0,2.0,0.0,PASS
case_16.two_way.interaction.df2,18.0,18.0,0.0,PASS
case_16.two_way.interaction.p,0.002847359515092558,0.0028473595150925075,5.0306980803327406e-17,PASS
case_16.welch_one_way.df1,2.0,2.0,0.0,PASS
case_16.welch_one_way.df2,8.7,8.7,0.0,PASS
case_16.welch_one_way.p,0.8408480281655719,0.8408480281655731,1.2212453270876722e-15,PASS
case_16.welch_one_way.statistic,0.1768319233681639,0.17683192336816225,1.6375789613221059e-15,PASS
case_16.welch_t.df,9.8,9.8,0.0,PASS
case_16.welch_t.p,0.8657150085109914,0.8657150085109921,7.771561172376096e-16,PASS
case_16.welch_t.statistic,-0.17360937057944983,-0.17360937057945228,2.4424906541753444e-15,PASS
case_16.wilcoxon.p,0.014266186701436423,0.014266186701446859,1.0436096431476471e-14,PASS
case_16.wilcoxon.statistic,0.0,0.0,0.0,PASS
case_17.friedman.df,2.0,2.0,0.0,PASS
case_17.friedman.p,0.001138802761345814,0.0011388027613457887,2.5370330836160804e-17,PASS
case_17.friedman.statistic,13.555555555555554,13.555555555555555,1.7763568394002505e-15,PASS
case_17.kruskal_wallis.df,2.0,2.0,0.0,PASS
case_17.kruskal_wallis.p,0.6588648545241895,0.658864854524191,1.4432899320127035e-15,PASS
case_17.kruskal_wallis.statistic,0.8344736842105291,0.834473684210522,7.105427357601002e-15,PASS
case_17.mann_whitney.p,0.6084078002330013,0.6084078002329985,2.886579864025407e-15,PASS
case_17.mann_whitney.statistic,16.0,16.0,0.0,PASS
case_17.mixed.df1,2.0,2.0,0.0,PASS
case_17.mixed.df2,14.0,14.0,0.0,PASS
case_17.mixed.icc,0.9263407546872267,0.9263407638355738,9.148347190901518e-09,PASS
case_17.mixed.p,2.1059444679416435e-09,2.1059448629401345e-09,3.949984910176051e-16,PASS
case_17.mixed.statistic,114.50821013659217,114.50820674200679,3.394585377236581e-06,PASS
case_17.mixed_incomplete.df1,2.0,2.0,0.0,PASS
case_17.mixed_incomplete.df2,11.0,11.0,0.0,PASS
case_17.mixed_incomplete.icc,0.9247418559543117,0.9247418646457372,8.691425468221325e-09,PASS
case_17.mixed_incomplete.p,2.1319071764988055e-07,2.1319074239301017e-07,2.4743129620256833e-14,PASS
case_17.mixed_incomplete.statistic,84.30776929239971,84.30776739433247,1.8980672393809073e-06,PASS
case_17.normality.dagostino.p,0.005403763057298825,0.005403763057298805,1.9949319973733282e-17,PASS
case_17.normality.dagostino.reject_0_05,1.0,1.0,0.0,PASS
case_17.normality.dagostino.statistic,10.44131941129013,10.441319411290138,7.105427357601002e-15,PASS
case_17.normality.shapiro.p,0.0022005343543300246,0.002195089524588808,5.444829741216555e-06,PASS
case_17.normality.shapiro.reject_0_05,1.0,1.0,0.0,PASS
case_17.normality.shapiro.statistic,0.8752793911098011,0.8752318296532056,4.756145659556843e-05,PASS
case_17.one_way.df1,2.0,2.0,0.0,PASS
case_17.one_way.df2,16.0,16.0,0.0,PASS
case_17.one_way.p,0.36708253268586,0.36708253268585755,2.4424906541753444e-15,PASS
case_17.one_way.statistic,1.0676452710677962,1.0676452710678037,7.549516567451064e-15,PASS
case_17.paired_t.df,9.0,9.0,0.0,PASS
case_17.paired_t.p,0.0031779398244978227,0.003177939824497834,1.1275702593849246e-17,PASS
case_17.paired_t.statistic,3.985776328205968,3.985776328205968,0.0,PASS
case_17.pearson.df,8.0,8.0,0.0,PASS
case_17.pearson.p,2.509510288922581e-05,2.5095102889225964e-05,1.5246593050577406e-19,PASS
case_17.pearson.statistic,0.9503195981411676,0.9503195981411677,1.1102230246251565e-16,PASS
case_17.spearman.df,8.0,8.0,0.0,PASS
case_17.spearman.p,4.355355812008872e-05,4.3553558120089e-05,2.778268066994105e-19,PASS
case_17.spearman.statistic,0.9428473041596073,0.9428473041596072,1.1102230246251565e-16,PASS
case_17.two_way.factor_a.F,139.00585940685082,139.00585940685042,3.979039320256561e-13,PASS
case_17.two_way.factor_a.df1,1.0,1.0,0.0,PASS
case_17.two_way.factor_a.df2,18.0,18.0,0.0,PASS
case_17.two_way.factor_a.p,6.701220031502e-10,6.701220031502168e-10,1.685380498076794e-23,PASS
case_17.two_way.factor_b.F,32.67584952265006,32.67584952264997,9.237055564881302e-14,PASS
case_17.two_way.factor_b.df1,2.0,2.0,0.0,PASS
case_17.two_way.factor_b.df2,18.0,18.0,0.0,PASS
case_17.two_way.factor_b.p,1.0214625143473054e-06,1.021462514347326e-06,2.0540548970916783e-20,PASS
case_17.two_way.interaction.F,2.5601792051192085,2.5601792051191863,2.220446049250313e-14,PASS
case_17.two_way.interaction.df1,2.0,2.0,0.0,PASS
case_17.two_way.interaction.df2,18.0,18.0,0.0,PASS
case_17.two_way.interaction.p,0.10507550503829514,0.10507550503829667,1.5265566588595902e-15,PASS
case_17.welch_one_way.df1,2.0,2.0,0.0,PASS
case_17.welch_one_way.df2,8.7,8.7,0.0,PASS
case_17.welch_one_way.p,0.16466012897489507,0.16466012897489393,1.1379786002407855e-15,PASS
case_17.welch_one_way.statistic,2.2336222795196985,2.2336222795197096,1.1102230246251565e-14,PASS
case_17.welch_t.df,8.3,8.3,0.0,PASS
case_17.welch_t.p,0.16339879840729676,0.16339879840728652,1.0241807402167069e-14,PASS
case_17.welch_t.statistic,-1.5292542802326607,-1.5292542802326607,0.0,PASS
case_17.wilcoxon.p,0.010826921277125257,0.010826921277131252,5.995204332975845e-15,PASS
case_17.wilcoxon.statistic,2.0,2.0,0.0,PASS
case_18.friedman.df,2.0,2.0,0.0,PASS
case_18.friedman.p,0.00033546262790251635,0.00033546262790251185,4.4994390158148434e-18,PASS
case_18.friedman.statistic,16.0,16.0,0.0,PASS
case_18.kruskal_wallis.df,2.0,2.0,0.0,PASS
case_18.kruskal_wallis.p,0.01106829855510072,0.011068298555100642,7.806255641895632e-17,PASS
case_18.kruskal_wallis.statistic,9.007340485601347,9.007340485601361,1.4210854715202004e-14,PASS
case_18.mann_whitney.p,0.051829927217859284,0.05182992721790965,5.036943084846257e-14,PASS
case_18.mann_whitney.statistic,10.0,10.0,0.0,PASS
case_18.mixed.df1,2.0,2.0,0.0,PASS
case_18.mixed.df2,16.0,16.0,0.0,PASS
case_18.mixed.icc,0.9206418582770661,0.9206418682794617,1.0002395578467826e-08,PASS
case_18.mixed.p,5.638600868833467e-12,5.638600697466245e-12,1.7136722156790598e-19,PASS
case_18.mixed.statistic,195.79502023905482,195.79502628232666,6.04327183850728e-06,PASS
case_18.mixed_incomplete.df1,2.0,2.0,0.0,PASS
case_18.mixed_incomplete.df2,13.0,13.0,0.0,PASS
case_18.mixed_incomplete.icc,0.9182650155950166,0.9182650110787055,4.5163111028756475e-09,PASS
case_18.mixed_incomplete.p,8.153981273986251e-10,8.153980823877305e-10,4.5010894582717975e-17,PASS
case_18.mixed_incomplete.statistic,156.11633563430004,156.1163366729706,1.038670546904541e-06,PASS
case_18.normality.dagostino.p,1.3862021944119221e-24,1.3862021944119221e-24,0.0,PASS
case_18.normality.dagostino.reject_0_05,1.0,1.0,0.0,PASS
case_18.normality.dagostino.statistic,109.8709489166305,109.8709489166305,0.0,PASS
case_18.normality.shapiro.p,1.8275330934193938e-05,1.78248687428101e-05,4.504621913838397e-07,PASS
case_18.normality.shapiro.reject_0_05,1.0,1.0,0.0,PASS
case_18.normality.shapiro.statistic,0.7683328122342385,0.7676892188965951,0.0006435933376434111,PASS
case_18.one_way.df1,2.0,2.0,0.0,PASS
case_18.one_way.df2,19.0,19.0,0.0,PASS
case_18.one_way.p,0.006443380400668098,0.006443380400667965,1.3270634591222574e-16,PASS
case_18.one_way.statistic,6.656348341138518,6.656348341138551,3.2862601528904634e-14,PASS
case_18.paired_t.df,10.0,10.0,0.0,PASS
case_18.paired_t.p,0.00042465213727973204,0.0004246521372797318,2.168404344971009e-19,PASS
case_18.paired_t.statistic,5.16093390791868,5.16093390791868,0.0,PASS
case_18.pearson.df,9.0,9.0,0.0,PASS
case_18.pearson.p,3.531016736374317e-05,3.5310167363743245e-05,7.453889935837843e-20,PASS
case_18.pearson.statistic,-0.9292017281221213,-0.9292017281221213,0.0,PASS
case_18.spearman.df,9.0,9.0,0.0,PASS
case_18.spearman.p,0.00011351831415992543,0.00011351831415992613,7.047314121155779e-19,PASS
case_18.spearman.statistic,-0.90757082626995,-0.90757082626995,0.0,PASS
case_18.two_way.factor_a.F,262.86772314757553,262.8677231475778,2.2737367544323206e-12,PASS
case_18.two_way.factor_a.df1,1.0,1.0,0.0,PASS
case_18.two_way.factor_a.df2,18.0,18.0,0.0,PASS
case_18.two_way.factor_a.p,3.484316673847059e-12,3.484316673846801e-12,2.5768614785587483e-25,PASS
case_18.two_way.factor_b.F,69.74006559989878,69.74006559989934,5.542233338928781e-13,PASS
case_18.two_way.factor_b.df1,2.0,2.0,0.0,PASS
case_18.two_way.factor_b.df2,18.0,18.0,0.0,PASS
case_18.two_way.factor_b.p,3.3298190569099816e-09,3.329819056909769e-09,2.125854174261281e-22,PASS
case_18.two_way.interaction.F,1.5541577410368188,1.5541577410368537,3.4861002973229915e-14,PASS
case_18.two_way.interaction.df1,2.0,2.0,0.0,PASS
case_18.two_way.interaction.df2,18.0,18.0,0.0,PASS
case_18.two_way.interaction.p,0.2384351930975216,0.23843519309752284,1.2490009027033011e-15,PASS
case_18.welch_one_way.df1,2.0,2.0,0.0,PASS
case_18.welch_one_way.df2,11.6,11.6,0.0,PASS
case_18.welch_one_way.p,0.002760368440557905,0.0027603684405578784,2.6454533008646308e-17,PASS
case_18.welch_one_way.statistic,10.234361516965823,10.234361516965846,2.3092638912203256e-14,PASS
case_18.welch_t.df,11.8,11.8,0.0,PASS
case_18.welch_t.p,0.010236631855788951,0.010236631855791888,2.9368868448287344e-15,PASS
case_18.welch_t.statistic,-3.0508709663135254,-3.0508709663135254,0.0,PASS
case_18.wilcoxon.p,0.0038572928299416276,0.0038572928299425158,8.881784197001252e-16,PASS
case_18.wilcoxon.statistic,0.0,0.0,0.0,PASS
